,title,url,price,image_url,shipping_info
0,"Rain-X 810165 Latitude 2-In-1 Water Repellent Wiper Blades, 22 Inch Windshield Wipers (Pack Of 2), Automotive Replacement Windshield Wiper Blades With Patented Rain-X Water Repellency Formula",https://www.amazon.com/Rain-X-Latitude-Water-Repellency-Wiper/dp/B084CT24NM/ref=zg_bs_g_15719731_d_sccl_1/133-5510296-0387333?psc=1,$34.99,"https://images-na.ssl-images-amazon.com/images/I/71ZDqv1L5aL._AC_UL600_SR600,400_.jpg",{}
1,GOOACC - GRC-33 240PCS Bumper Retainer Clips Car Plastic Rivets Fasteners Push Retainer Kit Most Popular Sizes Auto Push Pin Rivets Set -Door Trim Panel Fender Clips for GM Ford Toyota Honda Chrysler,https://www.amazon.com/GOOACC-Retainer-Plastic-Fasteners-Chrysler/dp/B07L6FJGR4/ref=zg_bs_g_15719731_d_sccl_2/133-5510296-0387333?psc=1,$12.14,"https://images-na.ssl-images-amazon.com/images/I/71rDWpcgQQL._AC_UL600_SR600,400_.jpg",{}
2,"Rain-X 820149 WeatherBeater Wiper Blades, 22"" Windshield Wipers (Pack of 2), Automotive Replacement Windshield Wiper Blades That Meet Or Exceed OEM Quality And Durability",https://www.amazon.com/Rain-X-WeatherBeater-Wiper-Blade-22/dp/B084CVBJDF/ref=zg_bs_g_15719731_d_sccl_3/133-5510296-0387333?psc=1,$25.04,"https://images-na.ssl-images-amazon.com/images/I/71g+-iAW9YL._AC_UL600_SR600,400_.jpg",{}
3,CERAKOTE® Ceramic Headlight Restoration Kit – Guaranteed To Last As Long As You Own Your Vehicle – Brings Headlights Back to Like New Condition - No Power Tools Required - 10 Wipe Kit,https://www.amazon.com/CERAKOTE-Ceramic-Headlight-Restoration-Kit/dp/B084RQKLV8/ref=zg_bs_g_15719731_d_sccl_4/133-5510296-0387333?psc=1,,"https://images-na.ssl-images-amazon.com/images/I/71mjhuksqYL._AC_UL600_SR600,400_.jpg",{}
4,"NOCO GENIUS1, 1A Smart Car Battery Charger, 6V and 12V Automotive Charger, Battery Maintainer, Trickle Charger, Float Charger and Desulfator for Motorcycle, ATV, Lithium and Deep Cycle Batteries",https://www.amazon.com/NOCO-GENIUS1-Fully-Automatic-Temperature-Compensation/dp/B07W46BX31/ref=zg_bs_g_15719731_d_sccl_5/133-5510296-0387333?psc=1,$29.95,"https://images-na.ssl-images-amazon.com/images/I/81xccMDEjkL._AC_UL600_SR600,400_.jpg",{}
5,5 PLUS® 12 Inch Rear Wiper Blade Replacement Generic filter for Honda CRV 2022-2017 Element 11-03/Nissan Murano 2024-2009 Armada 23-05 Pathfinder 12-04 Rear Windshield Wiper Blade(12-B),https://www.amazon.com/Replacement-Generic-2022-2017-2021-2009-Pathfinder/dp/B0BB153ZZG/ref=zg_bs_g_15719731_d_sccl_6/133-5510296-0387333?psc=1,$8.99,"https://images-na.ssl-images-amazon.com/images/I/71N9Ug3wOWL._AC_UL600_SR600,400_.jpg",{}
6,"MOTIUM OEM QUALITY Premium All-Season Windshield Wiper Blades (22""+22"" pair for front windshield)…",https://www.amazon.com/MOTIUM-QUALITY-All-Season-Windshield-Warranty/dp/B07BB7F68L/ref=zg_bs_g_15719731_d_sccl_7/133-5510296-0387333?psc=1,$16.99,"https://images-na.ssl-images-amazon.com/images/I/61oYNby8NUL._AC_UL600_SR600,400_.jpg",{}
7,"JOREST 300Pcs Car Fuse Assortment Kit, 160 Mini Blade Fuses Automotive + 90 Standard Auto Fuses + 50 Micro Fuse + 1 Puller – for Car/RV/Truck/Motorcycle(2Amp 3A 5A 7.5A 10A 15A 20A 25A 30A 35A 40A)",https://www.amazon.com/JOREST-300Pcs-Assortment-Automotive-Standard/dp/B0BMGBBPTT/ref=zg_bs_g_15719731_d_sccl_8/133-5510296-0387333?psc=1,$12.74,"https://images-na.ssl-images-amazon.com/images/I/91v4r9LueAL._AC_UL600_SR600,400_.jpg",{}
8,"Spearhead Odor Defense Breathe Easy AC & Heater Cabin Filter, Fits Like OEM, Up to 25% Longer Lasting w/Activated Carbon (BE-285)",https://www.amazon.com/Installer-Champ-Premium-Breathe-Activated/dp/B07663VCT3/ref=zg_bs_g_15719731_d_sccl_9/133-5510296-0387333?psc=1,$9.99,"https://images-na.ssl-images-amazon.com/images/I/91dpF1-JYyL._AC_UL600_SR600,400_.jpg",{}
9,"3 wipers Replacement for 2017 2018 2019 2020 2021 2022 Honda CRV CR-V, Windshield Wiper Blades Original Equipment Replacement - 26""+17""+12"" (Set of 3) U/J HOOK",https://www.amazon.com/Replacement-2017-2021-Windshield-Original-Equipment/dp/B0CPXY1YDS/ref=zg_bs_g_15719731_d_sccl_10/133-5510296-0387333?psc=1,$21.04,"https://images-na.ssl-images-amazon.com/images/I/61VkHro+k5L._AC_UL600_SR600,400_.jpg",{}
10,BOSCH 22A22B ICON Beam Wiper Blades - Driver and Passenger Side - Set of 2 Blades (22A & 22B),https://www.amazon.com/Bosch-Wiper-Blades-Chevrolet-Frustration/dp/B07VCVCTHC/ref=zg_bs_g_15719731_d_sccl_11/133-5510296-0387333?psc=1,$57.95,"https://images-na.ssl-images-amazon.com/images/I/71Wm2aTYp5L._AC_UL600_SR600,400_.jpg",{}
11,"3 wipers Replacement for 2014-2021 Jeep Grand Cherokee, Windshield Wiper Blades Original Equipment Replacement - 22""/21""/11"" (Set of 3) U/J HOOK",https://www.amazon.com/Replacement-2014-2018-Cherokee-Windshield-Equipment/dp/B09MT1FN7V/ref=zg_bs_g_15719731_d_sccl_12/133-5510296-0387333?psc=1,$22.09,"https://images-na.ssl-images-amazon.com/images/I/71ZQwFw87iL._AC_UL600_SR600,400_.jpg",{}
12,"3 Factory Wiper Blade Replacement for Mazda CX-5 CX-9 02/2017-2021 2022 2023 Original Equipment Windshield Window Wiper Blades Set - 24""/18""/14""(Set of 3)",https://www.amazon.com/Replacement-2017-2021-Original-Equipment-Windshield/dp/B09S8J9SLJ/ref=zg_bs_g_15719731_d_sccl_13/133-5510296-0387333?psc=1,$20.67,"https://images-na.ssl-images-amazon.com/images/I/71pdRqLR+FL._AC_UL600_SR600,400_.jpg",{}
13,"OEM QUALITY 22"" + 22"" PARRATI Premium All-Season Windshield Wiper Blades (Set of 2)",https://www.amazon.com/QUALITY-PARRATI-Premium-All-Season-Windshield/dp/B088RG7D6J/ref=zg_bs_g_15719731_d_sccl_14/133-5510296-0387333?psc=1,$15.59,"https://images-na.ssl-images-amazon.com/images/I/61w4Ij-F92L._AC_UL600_SR600,400_.jpg",{}
14,"AUTOBOO 26""+16"" Windshield Wipers with 12"" Rear Wiper Blade Replacement for Toyota RAV4 2019 2020 2021 2022 2023,Mazda 5 2015 2014 2013 2012 2011 2010-2006 -Original Factory Quality (Pack of 3)",https://www.amazon.com/AUTOBOO-Windshield-Replacement-2010-2006-Original/dp/B0B2LK3T87/ref=zg_bs_g_15719731_d_sccl_15/133-5510296-0387333?psc=1,$22.67,"https://images-na.ssl-images-amazon.com/images/I/61+Doji4LBL._AC_UL600_SR600,400_.jpg",{}
15,"EMITHSUN OEM QUALITY 26"" + 16"" Premium All-Seasons Stable And Quiet Windshield Wiper Blades(Set of 2)",https://www.amazon.com/QUALITY-Premium-All-Seasons-Durable-Windshield/dp/B08BHN2NN1/ref=zg_bs_g_15719731_d_sccl_16/133-5510296-0387333?psc=1,$15.62,"https://images-na.ssl-images-amazon.com/images/I/61IeabyLpkL._AC_UL600_SR600,400_.jpg",{}
16,"LISEN 54W Car Phone Charger USB C, Cigarette Lighter Adapter, Car Accessories for iPhone, USB C Car Charger Adapter USBC Type C 12v, Fit for iPhone 16E 16 15 14 13 12 Samsung S25 Google iPad Android",https://www.amazon.com/Charger-Cigarette-Lighter-LISEN-Compatible/dp/B0BDLC7RVB/ref=zg_bs_g_15719731_d_sccl_17/133-5510296-0387333?psc=1,$9.97,"https://images-na.ssl-images-amazon.com/images/I/71WuW-IcDLL._AC_UL600_SR600,400_.jpg",{}
17,"Upgraded Car Center Console Cover,Microfiber Leather Car Armrest Cover Cushion with 2 Storage Bags,Universal Car Armrest Storage Box Car Interior Accessories for Most Vehicles (Black)",https://www.amazon.com/Car-Center-Console-Cover-Accessories/dp/B0CX8YW6J3/ref=zg_bs_g_15719731_d_sccl_18/133-5510296-0387333?psc=1,$11.99,"https://images-na.ssl-images-amazon.com/images/I/71Ebc3VTE1L._AC_UL600_SR600,400_.jpg",{}
18,"FRAM Fresh Breeze Cabin Air Filter Replacement for Car Passenger Compartment w/Arm and Hammer Baking Soda, Easy Install, CF10285 for Toyota Vehicles , white",https://www.amazon.com/CF10285-Fresh-Breeze-Filter-Hammer/dp/B001CEG90I/ref=zg_bs_g_15719731_d_sccl_19/133-5510296-0387333?psc=1,$9.87,"https://images-na.ssl-images-amazon.com/images/I/71RU5PwiLEL._AC_UL600_SR600,400_.jpg",{}
19,"AUTOBOO 26"" and 18"" Windshield Wipers Blades (Pack Of 2),OEM Quality Premium All-Seasons Wiper blades,Stable and Quiet Armor wiper blades",https://www.amazon.com/AUTOBOO-Quality-All-Seasons-Windshield-windshield/dp/B08MF13665/ref=zg_bs_g_15719731_d_sccl_20/133-5510296-0387333?psc=1,$15.99,"https://images-na.ssl-images-amazon.com/images/I/71cTysOgcaL._AC_UL600_SR600,400_.jpg",{}
20,"26"" 22"" 16"" Windshield Wiper Blades Replacement for Honda Odyssey 2005-2023 Premium All Weather Front Rear Wipers Set - OEM Quality (Pack of 3)",https://www.amazon.com/Windshield-Replacement-Odyssey-2005-2021-Premium/dp/B0BTZYKHMM/ref=zg_bs_g_15719731_d_sccl_21/133-5510296-0387333?psc=1,$17.59,"https://images-na.ssl-images-amazon.com/images/I/711I1YuU-wL._AC_UL600_SR600,400_.jpg",{}
21,"5 PLUS 12"" Rear Wiper Blades Replacement For TOYOTA RAV4 2023-2019,2012-2001, Highlander 2019-2001,Land Cruiser 2019-2013,2011-2008, Yaris 2019,11-06 Venza 14-09, BACK Windshield Wiper Blades(12-A)",https://www.amazon.com/Replacement-2022-2019-2012-2001-Highlander-Windshield/dp/B0B4MFCW6T/ref=zg_bs_g_15719731_d_sccl_22/133-5510296-0387333?psc=1,$8.99,"https://images-na.ssl-images-amazon.com/images/I/61YRAmjzU9L._AC_UL600_SR600,400_.jpg",{}
22,"TRICO Gold 22"" + 22"" Premium Automotive Replacement Windshield Wiper Blades (Set of 2), Passenger and Driver Side All-Weather Beam Wiper Blades for Select Vehicle Models",https://www.amazon.com/Automotive-Replacement-Windshield-Blades-18-2222/dp/B0843CQDR9/ref=zg_bs_g_15719731_d_sccl_23/133-5510296-0387333?psc=1,$24.99,"https://images-na.ssl-images-amazon.com/images/I/71PSG+SyqoL._AC_UL600_SR600,400_.jpg",{}
23,"Energizer Jumper Cables for Car Battery, Heavy Duty Automotive Booster Cables for Jump Starting Dead or Weak Batteries with Carrying Bag Included (16-Feet (6-Gauge)",https://www.amazon.com/Energizer-Automotive-Starting-Batteries-Carrying/dp/B079LHNH8D/ref=zg_bs_g_15719731_d_sccl_24/133-5510296-0387333?psc=1,$19.96,"https://images-na.ssl-images-amazon.com/images/I/71NQlEz63kL._AC_UL600_SR600,400_.jpg",{}
24,"LivTee Blind Spot Mirror, 2"" Round HD Glass Frameless Convex Rear View Mirrors Exterior Accessories with Wide Angle Adjustable Stick for Car SUV and Trucks, Pack of 2",https://www.amazon.com/LivTee-Mirror-Frameless-Convex-Adjustable/dp/B07ZFHF14Q/ref=zg_bs_g_15719731_d_sccl_25/133-5510296-0387333?psc=1,$6.99,"https://images-na.ssl-images-amazon.com/images/I/71G7O1ZhS4L._AC_UL600_SR600,400_.jpg",{}
25,"NOCO GCP1 15A AC Port Plug, 125V Power Inlet Socket, and Waterproof Electrical Outlet Receptacle Box with 16-Inch Integrated Outdoor Extension Cord",https://www.amazon.com/NOCO-GCP1-16-Inch-Integrated-Extension/dp/B009ANV81S/ref=zg_bs_g_15719731_d_sccl_26/133-5510296-0387333?psc=1,$10.42,"https://images-na.ssl-images-amazon.com/images/I/710i8peBqTL._AC_UL600_SR600,400_.jpg",{}
26,Amooca Soft Auto Seat Belt Cover Seatbelt Shoulder Pad 2 PCS for a More Comfortable Driving Compatible with All Cars and Backpack Black,https://www.amazon.com/Seatbelt-Shoulder-Comfortable-Compatible-Backpack/dp/B08F7F4FG3/ref=zg_bs_g_15719731_d_sccl_27/133-5510296-0387333?psc=1,$6.79,"https://images-na.ssl-images-amazon.com/images/I/81KWuy7BVNL._AC_UL600_SR600,400_.jpg",{}
27,"FRAM Ultra Synthetic Automotive Replacement Oil Filter, Designed for Synthetic Oil Changes Lasting up to 20k Miles, XG7317 with SureGrip (Pack of 1)",https://www.amazon.com/XG7317-Ultra-Synthetic-Filter-SureGrip/dp/B000C33MI2/ref=zg_bs_g_15719731_d_sccl_28/133-5510296-0387333?psc=1,$8.97,"https://images-na.ssl-images-amazon.com/images/I/81Sep0UQnTL._AC_UL600_SR600,400_.jpg",{}
28,EPAuto CP285 (CF10285) Premium Cabin Air Filter includes Activated Carbon,https://www.amazon.com/EPAuto-CF10285-Toyota-Premium-Activated/dp/B014TYRQUY/ref=zg_bs_g_15719731_d_sccl_29/133-5510296-0387333?psc=1,$10.17,"https://images-na.ssl-images-amazon.com/images/I/81FOMPvcd7L._AC_UL600_SR600,400_.jpg",{}
29,"JOYTUTUS Rear View Mirror, Universal 11.81 Inch Panoramic Convex Rearview Mirror, Interior Clip-on Wide Angle Rear View Mirror to Reduce Blind Spot Effectively for Car SUV Trucks -Clear",https://www.amazon.com/JoyTutus-Panoramic-Rearview-Effectively-Universal/dp/B08SQ44CGZ/ref=zg_bs_g_15719731_d_sccl_30/133-5510296-0387333?psc=1,$9.99,"https://images-na.ssl-images-amazon.com/images/I/71T2TGj4XUL._AC_UL600_SR600,400_.jpg",{}
