,title,image_url,price
0,"Lamicall Bike Phone Holder, Motorcycle Mount - Motorcycle Phone Holder, Handlebar Cell Phone Clamp, Scooter Phone Clip for iPhone 16 Pro Max/Plus, 15 Pro Max, S10, S20, More 4.7"" to 6.8"" Smartphones",https://m.media-amazon.com/images/I/711bZ97mpyL._AC_UL320_.jpg,14.99
1,"Super Lube-21030 Synthetic Multi-Purpose Grease, 3 Oz.",https://m.media-amazon.com/images/I/61yFewKFB+L._AC_UL320_.jpg,6.7
2,"JOYROOM Motorcycle Phone Mount, [1s Auto Lock][100mph Military Anti-Shake] Bike Phone Holder for Bicycle, [10s Quick Install] Handlebar Phone Mount, Compatible with iPhone, Samsung, All Cell Phone",https://m.media-amazon.com/images/I/81ms0JZ+TJL._AC_UL320_.jpg,15.99
3,"YESLIFE Ski Mask, Face Mask for Men and Women â€“ Skiing, Snowboarding, Motorcycle, UV Protection & Wind Protection",https://m.media-amazon.com/images/I/5195OSYTAfL._AC_UL320_.jpg,5.94
4,"LISEN Bike Phone Holder, [2025 Upgrade] Motorcycle Phone Mount, Bicycle Phone Holder, Handlebar Phone Mount, Dirt Bike Accessories, Bicycle Accessories, for iPhone Samsung Google Pixel, Black",https://m.media-amazon.com/images/I/71fB706DofL._AC_UL320_.jpg,14.99
5,"Balaclava Ski Mask - Winter Face Mask for Men & Women - Cold Weather Gear for Skiing, Snowboarding & Motorcycle Riding",https://m.media-amazon.com/images/I/81+E+imBpoL._AC_UL320_.jpg,11.16
6,"Lamicall Motorcycle Phone Mount Holder - [Camera Friendly] [1s Lock] Bike Phone Holder Handlebar Clamp, Bicycle Scooter Phone Clip, for iPhone 16 Pro Max, 15 14 13, Galaxy S25 Ultra, 4.7-7"" Phones",https://m.media-amazon.com/images/I/6104nsuFpWL._AC_UL320_.jpg,16.99
7,"Achiou Ski Mask for Men Women, Balaclava Face Cover, Shiesty Mask UV Protector Lightweight for Motorcycle Snowboard",https://m.media-amazon.com/images/I/61N8RbiXsVL._AC_UL320_.jpg,6.23
8,"Rhino USA Ratchet Straps Tie Downs (4-Pack) - 1 Inch x 15 Feet (1,823lb Break Strength) - Ultimate Tie Down Straps with Safety S Hooks - Premium Straps for Trucks, Cargo, Moving, Appliances - Black",https://m.media-amazon.com/images/I/81BFBgfa02L._AC_UL320_.jpg,34.9
9,"Chemical Guys Signature Series Orange Degreaser, Heavy-duty All-purpose Cleaner For Engines, Tires, Undercarriages & More, Professional Strength Formula, Breaks Down Grease, Oil & Grime - 16 fl oz",https://m.media-amazon.com/images/I/71xnP-akPkL._AC_UL320_.jpg,11.99
10,Kawasaki 49065-0721 Oil Filter Replaces 49065-7007 (2 Pack),https://m.media-amazon.com/images/I/81C3A0qqq0L._AC_UL320_.jpg,22.99
11,"INOXTO Running Hydration Vest Backpack,Lightweight Insulated Pack with 1.5L Water Bladder Bag Daypack for Hiking Trail Running Cycling Race Marathon for Women Men",https://m.media-amazon.com/images/I/71LMLMzvgOL._AC_UL320_.jpg,21.59
12,YAMAKATO 10 Feet 1/4 Inch ID Fuel Line Hose for Kawasaki Kohler Briggs & Stratton Small Gas Diesel Powersports Engines and Generators w/ 20 Clamp Rubber Black,https://m.media-amazon.com/images/I/71oBxQAU-rL._AC_UL320_.jpg,9.99
13,3 Pair Motorcycle Riding Glasses Padding Goggles UV Protection Dustproof Windproof Motorcycle Sunglasses for Outdoor Actives,https://m.media-amazon.com/images/I/61h3VaPCwjL._AC_UL320_.jpg,9.98
14,Odi Motocross Half-Waffle Grips,https://m.media-amazon.com/images/I/41loLnqjCyL._AC_UL320_.jpg,14.89
15,"FRAM Ultra Synthetic Automotive Replacement Oil Filter, Designed for Synthetic Oil Changes Lasting up to 20k Miles, XG10575 with SureGrip (Pack of 1)",https://m.media-amazon.com/images/I/81NQlrmUuQL._AC_UL320_.jpg,10.97
16,"K&N Motorcycle Oil Filter: High Performance, Premium, Designed to be used with Synthetic or Conventional Oils: Fits Select Honda, Kawasaki, Triumph, Yamaha Motorcycles, KN-204-1",https://m.media-amazon.com/images/I/61UUe2REs6L._AC_UL320_.jpg,15.43
17,Zavothy Hydration Backpack with 2L Hydration Bladder Water Backpack for Hiking Hydration Pack for Running Cycling Hiking,https://m.media-amazon.com/images/I/71P29uA3wjL._AC_UL320_.jpg,20.39
18,"Favoto Motorcycle Cover All Season Universal Weather Quality Waterproof Sun Outdoor Protection Night Reflective with Lock-Holes & Storage Bag Fits up to 96.5"" Motorcycles Vehicle Cover",https://m.media-amazon.com/images/I/61-wk4ZzxuL._AC_UL320_.jpg,24.95
19,"Permatex 80345 White Lithium Grease, 1.5 oz.",https://m.media-amazon.com/images/I/7165kQ-H0pL._AC_UL320_.jpg,4.59
20,"Bike Cell Phone Holder, Bike Handlebar Phone Mount [2024 Upgraded 3S Quick Install] Motorcycle Phone Mount, for iPhone Bike Mount, Bicycle Phone Mount Handlebar Fit For EBike, Scooter,Bike Accessories",https://m.media-amazon.com/images/I/71jm48X2XFL._AC_UL320_.jpg,8.28
21,FVRITO PZ20 Carburetor Kit for Tao tao Coolster 125cc 110cc 90cc 70cc 50cc Kazuma Baja Chinese ATV Quad 4 Wheeler SunL NST Roketa Loncin Lifan XR80 CRF70 4 Stroke Go Kart Pit Dirt Bike Parts,https://m.media-amazon.com/images/I/61+X4N0RpzL._AC_UL320_.jpg,16.49
22,"Lamicall Motorcycle Phone Mount Holder - [Dual Vibration Dampener] [Upgrade Handlebar Clip] Motorcycle Cell Phone Holder, Bike Phone Mount, Fit iPhone 16/15/14/13 Pro Max, 4.7-6.7"" Phones, Black",https://m.media-amazon.com/images/I/61fC18PiL9L._AC_UL320_.jpg,27.99
23,OEM 11013-0752 Air Filter for Kawasaki FR651V FR691V FR730V FS481V FS541V FS600V FS651 Part,https://m.media-amazon.com/images/I/51Lv5zk5mFS._AC_UL320_.jpg,9.39
